<?xml version="1.0" encoding="UTF-8"?>
<project-private xmlns="http://www.netbeans.org/ns/project-private/1">
    <editor-bookmarks xmlns="http://www.netbeans.org/ns/editor-bookmarks/2" lastBookmarkId="0"/>
    <open-files xmlns="http://www.netbeans.org/ns/projectui-open-files/2">
        <group>
            <file>file:/C:/Users/DELL/Documents/NetBeansProjects/J1.S.P0052/src/j1/s/p0052/Manager.java</file>
            <file>file:/C:/Users/DELL/Documents/NetBeansProjects/J1.S.P0052/src/Enity/Country.java</file>
            <file>file:/C:/Users/DELL/Documents/NetBeansProjects/J1.S.P0052/src/j1/s/p0052/J1SP0052.java</file>
            <file>file:/C:/Users/DELL/Documents/NetBeansProjects/J1.S.P0052/src/Enity/EastAsianCountry.java</file>
            <file>file:/C:/Users/DELL/Documents/NetBeansProjects/J1.S.P0052/src/j1/s/p0052/Validation.java</file>
        </group>
    </open-files>
</project-private>
